{"cameraMode":{"drawMode":0,"name":"Shaded","section":"Shading Mode"},"sceneLighting":true,"audioPlay":false,"sceneViewState":{"m_AlwaysRefresh":false,"showFog":true,"showSkybox":true,"showFlares":true,"showImageEffects":true,"showParticleSystems":true,"showVisualEffectGraphs":true,"m_FxEnabled":true},"in2DMode":false,"pivot":{"x":1.275828242301941,"y":-0.10304321348667145,"z":-5.2474517822265629},"rotation":{"x":0.17657525837421418,"y":0.6837456226348877,"z":-0.17604637145996095,"w":0.6858000159263611},"size":7.883204460144043,"orthographic":false}